ID,U,Y_Z_0,Y_Z_1,R_Z_0,R_Z_1,Z,Z_cond_prob,R,Y
001,-1.736738199518569,2,3,1,1,0,0.5,1,2
002,-0.016972722969305784,4,4,1,1,0,0.5,1,4
003,-1.3379644013674863,3,3,1,1,1,0.5,1,3
004,-0.18012998550117984,4,4,1,1,1,0.5,1,4
005,-1.4597386856301033,3,3,1,0,1,0.5,0,NA
006,-0.7592754953501648,3,4,1,1,0,0.5,1,3
007,0.18160873086950116,4,5,1,1,0,0.5,1,4
008,-1.3697587440561436,3,3,1,0,1,0.5,0,NA
009,1.8983353189728138,6,6,1,1,1,0.5,1,6
010,-1.3937986306447856,3,3,1,1,1,0.5,1,3
011,-1.9211721205746466,2,3,0,0,0,0.5,0,NA
012,3.864377586654887,7,7,1,1,1,0.5,1,7
013,1.3588103659892603,5,6,1,1,1,0.5,1,6
014,0.32972537500541865,4,5,1,1,0,0.5,1,4
015,0.9996835925966774,5,5,1,1,0,0.5,1,5
016,-0.3707663036534364,4,4,1,1,1,0.5,1,4
017,0.14953814249893582,4,5,1,1,0,0.5,1,4
018,-0.9395259172899122,3,4,1,1,1,0.5,1,4
019,-0.2932969160172746,4,4,1,1,1,0.5,1,4
020,0.15454434901342753,4,5,1,1,0,0.5,1,4
021,0.0522400477133909,4,5,1,1,1,0.5,1,5
022,0.029616844458471927,4,5,1,1,1,0.5,1,5
023,0.20107973661354797,4,5,1,1,0,0.5,1,4
024,-0.4373704877402619,4,4,1,1,1,0.5,1,4
025,0.2500495517151433,4,5,1,1,1,0.5,1,5
026,1.7172488398221182,6,6,1,1,1,0.5,1,6
027,0.2114781057075757,4,5,1,1,1,0.5,1,5
028,-0.1836718622912001,4,4,1,1,1,0.5,1,4
029,-0.13088333155289253,4,4,1,1,1,0.5,1,4
030,1.998488936959844,6,6,1,1,0,0.5,1,6
031,-1.3717235610203773,3,3,1,0,0,0.5,1,3
032,0.5483811900412319,5,5,1,1,1,0.5,1,5
033,-1.1092947090993979,3,3,0,1,1,0.5,1,3
034,0.14234067919534996,4,5,1,1,1,0.5,1,5
035,-0.4538753280481792,4,4,1,1,1,0.5,1,4
036,-0.6903829212139349,3,4,1,1,0,0.5,1,3
037,0.35639338872884485,4,5,1,1,0,0.5,1,4
038,0.768164857496161,5,5,1,1,1,0.5,1,5
039,0.7631873866606093,5,5,1,1,1,0.5,1,5
040,0.8152060011041643,5,5,1,1,1,0.5,1,5
041,1.4990572540640767,5,6,1,1,1,0.5,1,6
042,0.4172620919616709,4,5,1,1,0,0.5,1,4
043,-0.5150167875102877,3,4,1,1,0,0.5,1,3
044,1.6215203010637758,6,6,1,1,1,0.5,1,6
045,0.26337850773283134,4,5,1,1,1,0.5,1,5
046,-0.9698826980174308,3,4,1,1,1,0.5,1,4
047,0.35789948318994086,4,5,1,1,1,0.5,1,5
048,-0.1556750859226824,4,4,1,1,0,0.5,1,4
049,1.2597865461775517,5,6,1,1,0,0.5,1,5
050,0.9513488208015501,5,5,1,1,1,0.5,1,5
051,-0.3030014856848058,4,4,1,1,0,0.5,1,4
052,-0.09228188225416138,4,4,1,1,0,0.5,1,4
053,-0.5490010254292789,3,4,1,1,0,0.5,1,3
054,-1.2425175100755204,3,3,1,1,1,0.5,1,3
055,-0.024740090248263298,4,4,1,1,1,0.5,1,4
056,-1.4221988478782768,3,3,0,0,0,0.5,0,NA
057,-0.4435121042510724,4,4,1,1,1,0.5,1,4
058,0.19229152512527067,4,5,1,1,0,0.5,1,4
059,-1.7249566025049512,2,3,1,1,0,0.5,1,2
060,0.3093056195755027,4,5,1,1,1,0.5,1,5
061,1.8414868836927563,6,6,1,1,0,0.5,1,6
062,-0.8194365085580826,3,4,1,1,1,0.5,1,4
063,0.6120331990174689,5,5,1,1,0,0.5,1,5
064,-0.9584251138771822,3,4,1,1,0,0.5,1,3
065,0.10312149496796796,4,5,1,1,1,0.5,1,5
066,-0.7872730575154508,3,4,1,1,0,0.5,1,3
067,-0.007486068639816553,4,4,0,1,0,0.5,0,NA
068,0.3279327299344739,4,5,1,1,0,0.5,1,4
069,-0.6748907598079686,3,4,1,0,1,0.5,0,NA
070,-0.7813518694324688,3,4,1,1,0,0.5,1,3
071,-1.344988238952503,3,3,1,1,0,0.5,1,3
072,0.3637607536486364,4,5,1,1,1,0.5,1,5
073,-1.2392060417997408,3,3,1,0,0,0.5,1,3
074,0.24205012371645776,4,5,1,0,1,0.5,0,NA
075,0.5012620858366091,5,5,1,1,0,0.5,1,5
076,-0.9499366608395545,3,4,0,1,1,0.5,1,4
077,-0.9262108867246125,3,4,1,0,1,0.5,0,NA
078,2.604768694568054,7,7,1,1,1,0.5,1,7
079,0.7889217410351981,5,5,1,1,1,0.5,1,5
080,-2.024113127425224,2,2,1,1,1,0.5,1,2
081,-0.4064957962864401,4,4,1,1,0,0.5,1,4
082,-2.083847967740337,2,2,0,0,0,0.5,0,NA
083,0.4635390480713927,4,5,1,1,0,0.5,1,4
084,-0.7177131952572984,3,4,1,1,1,0.5,1,4
085,0.9141862076027468,5,5,1,1,0,0.5,1,5
086,0.13146466109253113,4,5,1,1,0,0.5,1,4
087,1.9750492466645337,6,6,1,1,0,0.5,1,6
088,-2.4459145188609215,2,2,1,0,0,0.5,1,2
089,-0.2659199684824715,4,4,1,1,0,0.5,1,4
090,-1.0451333716480193,3,3,0,0,0,0.5,0,NA
091,0.7551575820343598,5,5,1,1,0,0.5,1,5
092,0.46514269477539355,4,5,1,1,1,0.5,1,5
093,1.4253621344530942,5,6,1,1,1,0.5,1,6
094,0.9622328874997295,5,5,1,1,0,0.5,1,5
095,0.28823383888601106,4,5,1,1,0,0.5,1,4
096,-0.25098553602657364,4,4,1,1,1,0.5,1,4
097,0.7781084094076844,5,5,1,1,0,0.5,1,5
098,0.3958052890063863,4,5,1,1,1,0.5,1,5
099,-0.5821041842356969,3,4,0,0,0,0.5,0,NA
100,0.07867343093287786,4,5,1,1,1,0.5,1,5
101,-0.1738153714831567,4,4,1,1,0,0.5,1,4
102,0.05141224106120997,4,5,1,1,1,0.5,1,5
103,1.543053568606446,6,6,1,1,1,0.5,1,6
104,1.3456368567221857,5,6,1,1,0,0.5,1,5
105,0.09804813211529663,4,5,1,1,1,0.5,1,5
106,0.09755460933471703,4,5,1,1,1,0.5,1,5
107,0.7444731170020629,5,5,1,1,0,0.5,1,5
108,-1.3198308614037477,3,3,1,0,0,0.5,1,3
109,0.37467511474623105,4,5,1,1,0,0.5,1,4
110,-0.859289968142718,3,4,1,1,1,0.5,1,4
111,0.8785809125223778,5,5,1,1,1,0.5,1,5
112,-0.8084555736509812,3,4,1,1,1,0.5,1,4
113,1.5952707728615838,6,6,1,1,1,0.5,1,6
114,0.8316339873862381,5,5,1,1,0,0.5,1,5
115,1.5094081368822871,6,6,1,1,1,0.5,1,6
116,-3.003827083537717,1,1,0,0,0,0.5,0,NA
117,-0.02218214784271871,4,4,1,1,1,0.5,1,4
118,-0.7760869492232042,3,4,1,1,1,0.5,1,4
119,0.4147010724927742,4,5,1,0,1,0.5,0,NA
120,1.4657354034245287,5,6,1,1,1,0.5,1,6
121,1.2641262158567255,5,6,1,1,1,0.5,1,6
122,-1.3136038960561633,3,3,1,1,0,0.5,1,3
123,1.6588391928408768,6,6,1,1,1,0.5,1,6
124,1.0519707159774512,5,6,1,1,0,0.5,1,5
125,-0.802677847534222,3,4,1,1,0,0.5,1,3
126,-1.4804154358580177,3,3,1,0,1,0.5,0,NA
127,-1.8306203037852522,2,3,1,1,0,0.5,1,2
128,0.7044312337746252,5,5,1,1,0,0.5,1,5
129,-1.9530785494890706,2,3,1,1,1,0.5,1,3
130,1.1231479972179876,5,6,1,1,1,0.5,1,6
131,-1.2794354951054796,3,3,1,0,0,0.5,1,3
132,0.33470974317168795,4,5,1,1,0,0.5,1,4
133,-0.194431351682413,4,4,1,1,0,0.5,1,4
134,0.16534894827533017,4,5,1,1,0,0.5,1,4
135,-0.9283865268076049,3,4,1,1,1,0.5,1,4
136,0.09353826702950764,4,5,1,1,0,0.5,1,4
137,0.7931340147413471,5,5,1,1,0,0.5,1,5
138,1.3280704350938586,5,6,1,1,1,0.5,1,6
139,-0.4414466045875148,4,4,1,0,1,0.5,0,NA
140,-0.8244911627436443,3,4,1,1,1,0.5,1,4
141,1.3170959024388136,5,6,1,1,0,0.5,1,5
142,0.594950572383975,5,5,1,1,0,0.5,1,5
143,0.3192807976182005,4,5,1,1,0,0.5,1,4
144,-0.4079056082095754,4,4,1,1,1,0.5,1,4
145,-1.010845660023995,3,3,1,0,1,0.5,0,NA
146,-1.370107465253382,3,3,1,1,0,0.5,1,3
147,-0.19779925336277465,4,4,1,1,1,0.5,1,4
148,2.212087724101616,6,7,1,1,0,0.5,1,6
149,-0.2140469764749333,4,4,1,1,1,0.5,1,4
150,-1.8754210887169849,2,3,1,1,1,0.5,1,3
151,0.5201893681454292,5,5,1,1,0,0.5,1,5
152,-0.608317010238026,3,4,1,1,0,0.5,1,3
153,1.0115427626311861,5,6,1,1,0,0.5,1,5
154,0.22798912540370384,4,5,1,1,0,0.5,1,4
155,-1.0394025022326714,3,3,0,1,1,0.5,1,3
156,-0.28547303820445574,4,4,1,1,0,0.5,1,4
157,-2.3086310162720816,2,2,0,1,0,0.5,0,NA
158,1.3664761186064727,5,6,1,1,1,0.5,1,6
159,-0.14794948849565634,4,4,0,1,0,0.5,0,NA
160,0.9873644832306692,5,5,1,1,0,0.5,1,5
161,0.07640905445885858,4,5,1,1,0,0.5,1,4
162,-0.2237393705251411,4,4,1,1,1,0.5,1,4
163,-0.8836434824551599,3,4,1,0,0,0.5,1,3
164,-1.326929813121776,3,3,1,1,1,0.5,1,3
165,1.74031059043217,6,6,1,1,0,0.5,1,6
166,-0.2302974895234943,4,4,1,1,0,0.5,1,4
167,0.02722537425875305,4,5,1,1,0,0.5,1,4
168,2.282660985977703,6,7,1,1,0,0.5,1,6
169,0.9033707456755847,5,5,1,1,0,0.5,1,5
170,-0.153194474196051,4,4,1,1,1,0.5,1,4
171,0.45343301081956905,4,5,1,1,0,0.5,1,4
172,0.8925760121065672,5,5,1,1,0,0.5,1,5
173,-0.10716505850795954,4,4,1,1,0,0.5,1,4
174,-1.721446652564403,2,3,0,1,0,0.5,0,NA
175,0.09842421695244177,4,5,1,1,1,0.5,1,5
176,0.557949954553741,5,5,1,1,0,0.5,1,5
177,-0.9218670462602638,3,4,1,1,0,0.5,1,3
178,-0.21545195449305646,4,4,1,1,1,0.5,1,4
179,0.40023462864254034,4,5,1,1,0,0.5,1,4
180,-2.543324745360447,1,2,0,0,0,0.5,0,NA
181,-0.6770840781687089,3,4,1,1,0,0.5,1,3
182,1.8090236707658902,6,6,1,1,1,0.5,1,6
183,-0.1833989017901507,4,4,1,1,1,0.5,1,4
184,-0.8418605216775953,3,4,1,1,1,0.5,1,4
185,0.6096730178434221,5,5,1,1,0,0.5,1,5
186,-0.9457935154839224,3,4,1,1,1,0.5,1,4
187,-0.6929513878300473,3,4,1,1,0,0.5,1,3
188,-1.055043057466612,3,3,1,1,1,0.5,1,3
189,-0.6341216238300169,3,4,1,1,0,0.5,1,3
190,5.185904287376699e-4,4,5,1,1,1,0.5,1,5
191,1.3447386243534227,5,6,1,1,1,0.5,1,6
192,1.5818450427085053,6,6,1,1,1,0.5,1,6
193,1.0044218369969469,5,6,1,1,1,0.5,1,6
194,0.17728035490921235,4,5,1,1,1,0.5,1,5
195,0.6596594524900449,5,5,1,1,1,0.5,1,5
196,-0.8054347218412209,3,4,1,1,1,0.5,1,4
197,-0.17106683530598665,4,4,1,1,0,0.5,1,4
198,0.5003412816282201,5,5,1,1,1,0.5,1,5
199,-0.9817021521442882,3,4,1,0,0,0.5,1,3
200,-0.005464142182574793,4,4,1,1,1,0.5,1,4
