class,n_per_class,class_shock,student,student_shock,Y_Z_0,Y_Z_1,Z,Z_cond_prob,Y,condition
01,12,1044.9483893104152,001,-85.27913057389156,959.6692587365237,1059.6692587365237,1,0.5,1059.6692587365237,Treatment
01,12,1044.9483893104152,002,-28.705484255069475,1016.2429050553458,1116.2429050553458,1,0.5,1116.2429050553458,Treatment
01,12,1044.9483893104152,003,-85.92340446404617,959.0249848463691,1059.024984846369,1,0.5,1059.024984846369,Treatment
01,12,1044.9483893104152,004,110.36080230251653,1155.3091916129317,1255.3091916129317,1,0.5,1255.3091916129317,Treatment
01,12,1044.9483893104152,005,-114.25148687247615,930.6969024379391,1030.6969024379391,1,0.5,1030.6969024379391,Treatment
01,12,1044.9483893104152,006,94.09612549722398,1139.0445148076392,1239.0445148076392,1,0.5,1239.0445148076392,Treatment
01,12,1044.9483893104152,007,48.07230584439507,1093.0206951548103,1193.0206951548103,1,0.5,1193.0206951548103,Treatment
01,12,1044.9483893104152,008,-203.13609545590924,841.8122938545059,941.8122938545059,1,0.5,941.8122938545059,Treatment
01,12,1044.9483893104152,009,262.0053588417372,1306.9537481521525,1406.9537481521525,1,0.5,1406.9537481521525,Treatment
01,12,1044.9483893104152,010,104.6374330262426,1149.5858223366579,1249.5858223366579,1,0.5,1249.5858223366579,Treatment
01,12,1044.9483893104152,011,-198.4717614203818,846.4766278900335,946.4766278900335,1,0.5,946.4766278900335,Treatment
01,12,1044.9483893104152,012,-154.73356649259478,890.2148228178205,990.2148228178205,1,0.5,990.2148228178205,Treatment
02,19,892.5719813235933,013,-238.94738989754856,653.6245914260447,753.6245914260447,1,0.5,753.6245914260447,Treatment
02,19,892.5719813235933,014,-87.05964265053184,805.5123386730614,905.5123386730614,1,0.5,905.5123386730614,Treatment
02,19,892.5719813235933,015,468.05132245959936,1360.6233037831926,1460.6233037831926,1,0.5,1460.6233037831926,Treatment
02,19,892.5719813235933,016,233.7415971329518,1126.313578456545,1226.313578456545,1,0.5,1226.313578456545,Treatment
02,19,892.5719813235933,017,151.753066263677,1044.3250475872703,1144.3250475872703,1,0.5,1144.3250475872703,Treatment
02,19,892.5719813235933,018,-57.891762290314986,834.6802190332783,934.6802190332783,1,0.5,934.6802190332783,Treatment
02,19,892.5719813235933,019,-143.16639656372757,749.4055847598656,849.4055847598656,1,0.5,849.4055847598656,Treatment
02,19,892.5719813235933,020,277.22408781334724,1169.7960691369406,1269.7960691369406,1,0.5,1269.7960691369406,Treatment
02,19,892.5719813235933,021,11.048927137740385,903.6209084613337,1003.6209084613337,1,0.5,1003.6209084613337,Treatment
02,19,892.5719813235933,022,212.92125921808903,1105.4932405416823,1205.4932405416823,1,0.5,1205.4932405416823,Treatment
02,19,892.5719813235933,023,81.73675114315643,974.3087324667497,1074.3087324667497,1,0.5,1074.3087324667497,Treatment
02,19,892.5719813235933,024,-73.15787544479815,819.4141058787951,919.4141058787951,1,0.5,919.4141058787951,Treatment
02,19,892.5719813235933,025,-50.976289988497854,841.5956913350954,941.5956913350954,1,0.5,941.5956913350954,Treatment
02,19,892.5719813235933,026,-176.98054322657117,715.5914380970221,815.5914380970221,1,0.5,815.5914380970221,Treatment
02,19,892.5719813235933,027,-183.09966461084153,709.4723167127518,809.4723167127518,1,0.5,809.4723167127518,Treatment
02,19,892.5719813235933,028,41.11089031301375,933.682871636607,1033.682871636607,1,0.5,1033.682871636607,Treatment
02,19,892.5719813235933,029,-77.17075937506272,815.4012219485305,915.4012219485305,1,0.5,915.4012219485305,Treatment
02,19,892.5719813235933,030,-146.31827498570215,746.2537063378911,846.2537063378911,1,0.5,846.2537063378911,Treatment
02,19,892.5719813235933,031,-20.37711424836364,872.1948670752296,972.1948670752296,1,0.5,972.1948670752296,Treatment
03,14,1016.1253383154715,032,-10.184128975274264,1005.9412093401972,1105.9412093401972,0,0.5,1005.9412093401972,Control
03,14,1016.1253383154715,033,149.15944243211115,1165.2847807475825,1265.2847807475825,0,0.5,1165.2847807475825,Control
03,14,1016.1253383154715,034,-61.21821283636834,954.9071254791031,1054.9071254791031,0,0.5,954.9071254791031,Control
03,14,1016.1253383154715,035,-313.6043020872394,702.5210362282321,802.5210362282321,0,0.5,702.5210362282321,Control
03,14,1016.1253383154715,036,100.98575760705901,1117.1110959225305,1217.1110959225305,0,0.5,1117.1110959225305,Control
03,14,1016.1253383154715,037,147.52877956793088,1163.6541178834023,1263.6541178834023,0,0.5,1163.6541178834023,Control
03,14,1016.1253383154715,038,26.261839489929105,1042.3871778054006,1142.3871778054006,0,0.5,1042.3871778054006,Control
03,14,1016.1253383154715,039,-136.66703092350497,879.4583073919665,979.4583073919665,0,0.5,879.4583073919665,Control
03,14,1016.1253383154715,040,134.4862907611761,1150.6116290766477,1250.6116290766477,0,0.5,1150.6116290766477,Control
03,14,1016.1253383154715,041,558.3699264816181,1574.4952647970895,1674.4952647970895,0,0.5,1574.4952647970895,Control
03,14,1016.1253383154715,042,4.724694731064746,1020.8500330465363,1120.8500330465363,0,0.5,1020.8500330465363,Control
03,14,1016.1253383154715,043,137.5997232399346,1153.725061555406,1253.725061555406,0,0.5,1153.725061555406,Control
03,14,1016.1253383154715,044,-200.92575181835375,815.1995864971177,915.1995864971177,0,0.5,815.1995864971177,Control
03,14,1016.1253383154715,045,34.08802386245985,1050.2133621779312,1150.2133621779312,0,0.5,1050.2133621779312,Control
04,10,1088.2106958337852,046,-252.22637741262176,835.9843184211634,935.9843184211634,0,0.5,835.9843184211634,Control
04,10,1088.2106958337852,047,60.182635848683,1148.3933316824682,1248.3933316824682,0,0.5,1148.3933316824682,Control
04,10,1088.2106958337852,048,-22.62085736450919,1065.589838469276,1165.589838469276,0,0.5,1065.589838469276,Control
04,10,1088.2106958337852,049,43.300333357522206,1131.5110291913074,1231.5110291913074,0,0.5,1131.5110291913074,Control
04,10,1088.2106958337852,050,177.30385159777862,1265.5145474315639,1365.5145474315639,0,0.5,1265.5145474315639,Control
04,10,1088.2106958337852,051,-250.85948831932018,837.3512075144649,937.3512075144649,0,0.5,837.3512075144649,Control
04,10,1088.2106958337852,052,-116.09559826936513,972.11509756442,1072.11509756442,0,0.5,972.11509756442,Control
04,10,1088.2106958337852,053,-194.04731089980172,894.1633849339835,994.1633849339835,0,0.5,894.1633849339835,Control
04,10,1088.2106958337852,054,-384.28058783978304,703.9301079940021,803.9301079940021,0,0.5,703.9301079940021,Control
04,10,1088.2106958337852,055,-6.4290063259847505,1081.7816895078004,1181.7816895078004,0,0.5,1081.7816895078004,Control
05,20,701.0395091035757,056,-185.8604332995884,515.1790758039873,615.1790758039873,1,0.5,615.1790758039873,Treatment
05,20,701.0395091035757,057,-13.692516917414595,687.3469921861611,787.3469921861611,1,0.5,787.3469921861611,Treatment
05,20,701.0395091035757,058,-221.64452090358265,479.39498819999307,579.3949881999931,1,0.5,579.3949881999931,Treatment
05,20,701.0395091035757,059,368.1347616778426,1069.1742707814183,1169.1742707814183,1,0.5,1169.1742707814183,Treatment
05,20,701.0395091035757,060,-176.36839400291913,524.6711151006566,624.6711151006566,1,0.5,624.6711151006566,Treatment
05,20,701.0395091035757,061,156.78283534247856,857.8223444460543,957.8223444460543,1,0.5,957.8223444460543,Treatment
05,20,701.0395091035757,062,-155.08691672432028,545.9525923792554,645.9525923792554,1,0.5,645.9525923792554,Treatment
05,20,701.0395091035757,063,-98.85925484475304,602.1802542588226,702.1802542588226,1,0.5,702.1802542588226,Treatment
05,20,701.0395091035757,064,-228.49979528844767,472.53971381512804,572.539713815128,1,0.5,572.539713815128,Treatment
05,20,701.0395091035757,065,97.00587839958885,798.0453875031645,898.0453875031645,1,0.5,898.0453875031645,Treatment
05,20,701.0395091035757,066,152.37887192426462,853.4183810278403,953.4183810278403,1,0.5,953.4183810278403,Treatment
05,20,701.0395091035757,067,-116.18160947284736,584.8578996307283,684.8578996307283,1,0.5,684.8578996307283,Treatment
05,20,701.0395091035757,068,83.5640804762011,784.6035895797768,884.6035895797768,1,0.5,884.6035895797768,Treatment
05,20,701.0395091035757,069,-483.7585198837283,217.2809892198474,317.2809892198474,1,0.5,317.2809892198474,Treatment
05,20,701.0395091035757,070,-80.29827961111079,620.741229492465,720.741229492465,1,0.5,720.741229492465,Treatment
05,20,701.0395091035757,071,-127.26564823783406,573.7738608657417,673.7738608657417,1,0.5,673.7738608657417,Treatment
05,20,701.0395091035757,072,149.43916043206028,850.478669535636,950.478669535636,1,0.5,950.478669535636,Treatment
05,20,701.0395091035757,073,489.9117060477161,1190.9512151512918,1290.9512151512918,1,0.5,1290.9512151512918,Treatment
05,20,701.0395091035757,074,-208.5284867508953,492.5110223526804,592.5110223526804,1,0.5,592.5110223526804,Treatment
05,20,701.0395091035757,075,-120.47462848615802,580.5648806174177,680.5648806174177,1,0.5,680.5648806174177,Treatment
06,12,1031.5258433126526,076,-110.66738563777032,920.8584576748823,1020.8584576748823,1,0.5,1020.8584576748823,Treatment
06,12,1031.5258433126526,077,30.590696307703297,1062.116539620356,1162.116539620356,1,0.5,1162.116539620356,Treatment
06,12,1031.5258433126526,078,-128.92495146163523,902.6008918510173,1002.6008918510173,1,0.5,1002.6008918510173,Treatment
06,12,1031.5258433126526,079,242.09819734890812,1273.6240406615607,1373.6240406615607,1,0.5,1373.6240406615607,Treatment
06,12,1031.5258433126526,080,-56.98095564560392,974.5448876670487,1074.5448876670487,1,0.5,1074.5448876670487,Treatment
06,12,1031.5258433126526,081,51.20626871396102,1082.7321120266135,1182.7321120266135,1,0.5,1182.7321120266135,Treatment
06,12,1031.5258433126526,082,-48.52189181395288,983.0039514986997,1083.0039514986997,1,0.5,1083.0039514986997,Treatment
06,12,1031.5258433126526,083,-47.579155638544975,983.9466876741076,1083.9466876741076,1,0.5,1083.9466876741076,Treatment
06,12,1031.5258433126526,084,-123.52466944314806,908.0011738695046,1008.0011738695046,1,0.5,1008.0011738695046,Treatment
06,12,1031.5258433126526,085,-36.73949505801212,994.7863482546404,1094.7863482546404,1,0.5,1094.7863482546404,Treatment
06,12,1031.5258433126526,086,-66.11015679087907,965.4156865217735,1065.4156865217735,1,0.5,1065.4156865217735,Treatment
06,12,1031.5258433126526,087,106.966428064865,1138.4922713775177,1238.4922713775177,1,0.5,1238.4922713775177,Treatment
07,11,1202.7161412251896,088,-59.6270688784274,1143.0890723467621,1243.0890723467621,1,0.5,1243.0890723467621,Treatment
07,11,1202.7161412251896,089,-223.3647478012539,979.3513934239357,1079.3513934239356,1,0.5,1079.3513934239356,Treatment
07,11,1202.7161412251896,090,-12.726302090002529,1189.9898391351871,1289.9898391351871,1,0.5,1289.9898391351871,Treatment
07,11,1202.7161412251896,091,317.40201007797367,1520.1181513031634,1620.1181513031634,1,0.5,1620.1181513031634,Treatment
07,11,1202.7161412251896,092,-205.57105637088108,997.1450848543086,1097.1450848543086,1,0.5,1097.1450848543086,Treatment
07,11,1202.7161412251896,093,-90.02636150675046,1112.6897797184392,1212.6897797184392,1,0.5,1212.6897797184392,Treatment
07,11,1202.7161412251896,094,-376.8903660064817,825.8257752187079,925.8257752187079,1,0.5,925.8257752187079,Treatment
07,11,1202.7161412251896,095,416.9273862450723,1619.643527470262,1719.643527470262,1,0.5,1719.643527470262,Treatment
07,11,1202.7161412251896,096,61.63442310575749,1264.3505643309472,1364.3505643309472,1,0.5,1364.3505643309472,Treatment
07,11,1202.7161412251896,097,-24.271181589938212,1178.4449596352515,1278.4449596352515,1,0.5,1278.4449596352515,Treatment
07,11,1202.7161412251896,098,-563.3393681052496,639.37677311994,739.37677311994,1,0.5,739.37677311994,Treatment
08,16,891.003233942503,099,-52.227859872049194,838.7753740704538,938.7753740704538,1,0.5,938.7753740704538,Treatment
08,16,891.003233942503,100,74.23283442556438,965.2360683680674,1065.2360683680674,1,0.5,1065.2360683680674,Treatment
08,16,891.003233942503,101,-91.40285928657788,799.6003746559252,899.6003746559252,1,0.5,899.6003746559252,Treatment
08,16,891.003233942503,102,0.8460595036944161,891.8492934461974,991.8492934461974,1,0.5,991.8492934461974,Treatment
08,16,891.003233942503,103,20.070240180746335,911.0734741232493,1011.0734741232493,1,0.5,1011.0734741232493,Treatment
08,16,891.003233942503,104,184.8010165017195,1075.8042504442226,1175.8042504442226,1,0.5,1175.8042504442226,Treatment
08,16,891.003233942503,105,-61.95763566750564,829.0455982749974,929.0455982749974,1,0.5,929.0455982749974,Treatment
08,16,891.003233942503,106,-299.64753434474784,591.3556995977551,691.3556995977551,1,0.5,691.3556995977551,Treatment
08,16,891.003233942503,107,22.712558475565434,913.7157924180684,1013.7157924180684,1,0.5,1013.7157924180684,Treatment
08,16,891.003233942503,108,227.90261958330558,1118.9058535258087,1218.9058535258087,1,0.5,1218.9058535258087,Treatment
08,16,891.003233942503,109,89.50392724997575,980.5071611924787,1080.5071611924789,1,0.5,1080.5071611924789,Treatment
08,16,891.003233942503,110,248.72818275350627,1139.7314166960093,1239.7314166960093,1,0.5,1239.7314166960093,Treatment
08,16,891.003233942503,111,35.76326146398025,926.7664954064833,1026.7664954064833,1,0.5,1026.7664954064833,Treatment
08,16,891.003233942503,112,-6.895377990148652,884.1078559523544,984.1078559523544,1,0.5,984.1078559523544,Treatment
08,16,891.003233942503,113,-49.352423918149775,841.6508100243533,941.6508100243533,1,0.5,941.6508100243533,Treatment
08,16,891.003233942503,114,126.9792676006303,1017.9825015431334,1117.9825015431334,1,0.5,1117.9825015431334,Treatment
09,12,796.1074129042325,115,86.41832556528136,882.525738469514,982.525738469514,0,0.5,882.525738469514,Control
09,12,796.1074129042325,116,-349.07805760383894,447.0293553003936,547.0293553003936,0,0.5,447.0293553003936,Control
09,12,796.1074129042325,117,5.93937191654821,802.0467848207808,902.0467848207808,0,0.5,802.0467848207808,Control
09,12,796.1074129042325,118,14.076291317852185,810.1837042220848,910.1837042220848,0,0.5,810.1837042220848,Control
09,12,796.1074129042325,119,-129.22228856695588,666.8851243372767,766.8851243372767,0,0.5,666.8851243372767,Control
09,12,796.1074129042325,120,-126.40524669414452,669.7021662100881,769.7021662100881,0,0.5,669.7021662100881,Control
09,12,796.1074129042325,121,-66.79531975099955,729.312093153233,829.312093153233,0,0.5,729.312093153233,Control
09,12,796.1074129042325,122,70.80596715855887,866.9133800627915,966.9133800627915,0,0.5,866.9133800627915,Control
09,12,796.1074129042325,123,-109.8059930143281,686.3014198899044,786.3014198899044,0,0.5,686.3014198899044,Control
09,12,796.1074129042325,124,-187.2873304409117,608.8200824633209,708.8200824633209,0,0.5,608.8200824633209,Control
09,12,796.1074129042325,125,-4.816158643285202,791.2912542609473,891.2912542609473,0,0.5,791.2912542609473,Control
09,12,796.1074129042325,126,-194.29430123077412,601.8131116734585,701.8131116734585,0,0.5,601.8131116734585,Control
10,14,930.1891891379545,127,219.30328268453886,1149.4924718224934,1249.4924718224934,0,0.5,1149.4924718224934,Control
10,14,930.1891891379545,128,55.93122601335381,986.1204151513083,1086.1204151513084,0,0.5,986.1204151513083,Control
10,14,930.1891891379545,129,-147.8904784786417,782.2987106593127,882.2987106593129,0,0.5,782.2987106593127,Control
10,14,930.1891891379545,130,-34.826931822246934,895.3622573157076,995.3622573157077,0,0.5,895.3622573157076,Control
10,14,930.1891891379545,131,-52.140155077529585,878.0490340604249,978.049034060425,0,0.5,878.0490340604249,Control
10,14,930.1891891379545,132,273.84305869287175,1204.0322478308262,1304.0322478308262,0,0.5,1204.0322478308262,Control
10,14,930.1891891379545,133,-143.02341487633691,787.1657742616176,887.1657742616177,0,0.5,787.1657742616176,Control
10,14,930.1891891379545,134,128.27986897143148,1058.469058109386,1158.469058109386,0,0.5,1058.469058109386,Control
10,14,930.1891891379545,135,-197.0481275158729,733.1410616220816,833.1410616220817,0,0.5,733.1410616220816,Control
10,14,930.1891891379545,136,48.62567494990499,978.8148640878595,1078.8148640878596,0,0.5,978.8148640878595,Control
10,14,930.1891891379545,137,6.602098340992941,936.7912874789474,1036.7912874789477,0,0.5,936.7912874789474,Control
10,14,930.1891891379545,138,-86.00965992017032,844.1795292177842,944.1795292177843,0,0.5,844.1795292177842,Control
10,14,930.1891891379545,139,-21.586880317960944,908.6023088199936,1008.6023088199937,0,0.5,908.6023088199936,Control
10,14,930.1891891379545,140,-151.66013578220432,778.5290533557502,878.5290533557503,0,0.5,778.5290533557502,Control
11,10,956.6139250627541,141,221.1822584380383,1177.7961835007925,1277.7961835007925,0,0.5,1177.7961835007925,Control
11,10,956.6139250627541,142,-12.14282814519209,944.471096917562,1044.471096917562,0,0.5,944.471096917562,Control
11,10,956.6139250627541,143,-83.71819880234722,872.895726260407,972.895726260407,0,0.5,872.895726260407,Control
11,10,956.6139250627541,144,151.7510419274029,1108.364966990157,1208.364966990157,0,0.5,1108.364966990157,Control
11,10,956.6139250627541,145,99.47713261674761,1056.0910576795018,1156.0910576795018,0,0.5,1056.0910576795018,Control
11,10,956.6139250627541,146,72.58926317326028,1029.2031882360143,1129.2031882360143,0,0.5,1029.2031882360143,Control
11,10,956.6139250627541,147,14.752725614833073,971.3666506775871,1071.3666506775871,0,0.5,971.3666506775871,Control
11,10,956.6139250627541,148,-175.87372273163768,780.7402023311164,880.7402023311164,0,0.5,780.7402023311164,Control
11,10,956.6139250627541,149,83.24972672926775,1039.8636517920218,1139.8636517920218,0,0.5,1039.8636517920218,Control
11,10,956.6139250627541,150,-95.73843808511177,860.8754869776424,960.8754869776424,0,0.5,860.8754869776424,Control
12,13,1054.4169742040583,151,149.0027556401466,1203.419729844205,1303.419729844205,0,0.5,1203.419729844205,Control
12,13,1054.4169742040583,152,-154.19555112646336,900.221423077595,1000.221423077595,0,0.5,900.221423077595,Control
12,13,1054.4169742040583,153,63.2527060647414,1117.6696802687998,1217.6696802687998,0,0.5,1117.6696802687998,Control
12,13,1054.4169742040583,154,-23.2485703799386,1031.1684038241197,1131.1684038241197,0,0.5,1031.1684038241197,Control
12,13,1054.4169742040583,155,-4.638889564856816,1049.7780846392016,1149.7780846392016,0,0.5,1049.7780846392016,Control
12,13,1054.4169742040583,156,-3.499808141059375,1050.9171660629988,1150.9171660629988,0,0.5,1050.9171660629988,Control
12,13,1054.4169742040583,157,217.9202770280517,1272.33725123211,1372.33725123211,0,0.5,1272.33725123211,Control
12,13,1054.4169742040583,158,106.9079421893803,1161.3249163934386,1261.3249163934386,0,0.5,1161.3249163934386,Control
12,13,1054.4169742040583,159,-166.79241504057532,887.624559163483,987.624559163483,0,0.5,887.624559163483,Control
12,13,1054.4169742040583,160,-14.049736351225244,1040.3672378528331,1140.3672378528331,0,0.5,1040.3672378528331,Control
12,13,1054.4169742040583,161,-171.17364405655368,883.2433301475046,983.2433301475046,0,0.5,883.2433301475046,Control
12,13,1054.4169742040583,162,-179.5759190233485,874.8410551807099,974.8410551807099,0,0.5,874.8410551807099,Control
12,13,1054.4169742040583,163,-319.23504394047626,735.181930263582,835.181930263582,0,0.5,735.181930263582,Control
13,17,1057.6403445264173,164,-20.117993691914272,1037.522350834503,1137.522350834503,1,0.5,1137.522350834503,Treatment
13,17,1057.6403445264173,165,66.49338934333346,1124.1337338697508,1224.1337338697508,1,0.5,1224.1337338697508,Treatment
13,17,1057.6403445264173,166,-101.35076217160203,956.2895823548153,1056.2895823548151,1,0.5,1056.2895823548151,Treatment
13,17,1057.6403445264173,167,36.23750258725279,1093.87784711367,1193.87784711367,1,0.5,1193.87784711367,Treatment
13,17,1057.6403445264173,168,10.032009456156972,1067.6723539825744,1167.6723539825744,1,0.5,1167.6723539825744,Treatment
13,17,1057.6403445264173,169,-215.13034879344596,842.5099957329713,942.5099957329713,1,0.5,942.5099957329713,Treatment
13,17,1057.6403445264173,170,110.83876172576717,1168.4791062521845,1268.4791062521845,1,0.5,1268.4791062521845,Treatment
13,17,1057.6403445264173,171,152.22037239287698,1209.8607169192942,1309.8607169192942,1,0.5,1309.8607169192942,Treatment
13,17,1057.6403445264173,172,219.15914828233377,1276.799492808751,1376.799492808751,1,0.5,1376.799492808751,Treatment
13,17,1057.6403445264173,173,338.56211088033916,1396.2024554067564,1496.2024554067564,1,0.5,1496.2024554067564,Treatment
13,17,1057.6403445264173,174,-186.50327559031504,871.1370689361022,971.1370689361022,1,0.5,971.1370689361022,Treatment
13,17,1057.6403445264173,175,-29.198526435218323,1028.441818091199,1128.441818091199,1,0.5,1128.441818091199,Treatment
13,17,1057.6403445264173,176,30.64766459375622,1088.2880091201735,1188.2880091201735,1,0.5,1188.2880091201735,Treatment
13,17,1057.6403445264173,177,30.32226171476546,1087.9626062411828,1187.9626062411828,1,0.5,1187.9626062411828,Treatment
13,17,1057.6403445264173,178,-81.00279252539838,976.6375520010189,1076.6375520010188,1,0.5,1076.6375520010188,Treatment
13,17,1057.6403445264173,179,-28.89749533540127,1028.742849191016,1128.742849191016,1,0.5,1128.742849191016,Treatment
13,17,1057.6403445264173,180,78.98003242148316,1136.6203769479005,1236.6203769479005,1,0.5,1236.6203769479005,Treatment
14,13,1067.7560279162185,181,-199.1723187176332,868.5837091985853,968.5837091985853,0,0.5,868.5837091985853,Control
14,13,1067.7560279162185,182,77.12663291679362,1144.882660833012,1244.882660833012,0,0.5,1144.882660833012,Control
14,13,1067.7560279162185,183,197.43846252793261,1265.1944904441511,1365.1944904441511,0,0.5,1265.1944904441511,Control
14,13,1067.7560279162185,184,260.4287131163417,1328.1847410325602,1428.1847410325602,0,0.5,1328.1847410325602,Control
14,13,1067.7560279162185,185,202.166939107463,1269.9229670236814,1369.9229670236814,0,0.5,1269.9229670236814,Control
14,13,1067.7560279162185,186,-447.26901173227424,620.4870161839442,720.4870161839442,0,0.5,620.4870161839442,Control
14,13,1067.7560279162185,187,23.160766615776907,1090.9167945319955,1190.9167945319955,0,0.5,1090.9167945319955,Control
14,13,1067.7560279162185,188,155.5435553700795,1223.299583286298,1323.299583286298,0,0.5,1223.299583286298,Control
14,13,1067.7560279162185,189,112.32464895320318,1180.0806768694217,1280.0806768694217,0,0.5,1180.0806768694217,Control
14,13,1067.7560279162185,190,353.41507953999945,1421.171107456218,1521.171107456218,0,0.5,1421.171107456218,Control
14,13,1067.7560279162185,191,-183.68825794784053,884.067769968378,984.067769968378,0,0.5,884.067769968378,Control
14,13,1067.7560279162185,192,-158.3025703259063,909.4534575903122,1009.4534575903122,0,0.5,909.4534575903122,Control
14,13,1067.7560279162185,193,-72.88018672725643,994.8758411889621,1094.875841188962,0,0.5,994.8758411889621,Control
15,11,885.3654300599806,194,-14.423938343276896,870.9414917167037,970.9414917167037,0,0.5,870.9414917167037,Control
15,11,885.3654300599806,195,-123.17225722249003,762.1931728374905,862.1931728374905,0,0.5,762.1931728374905,Control
15,11,885.3654300599806,196,130.26408877827902,1015.6295188382596,1115.6295188382596,0,0.5,1015.6295188382596,Control
15,11,885.3654300599806,197,118.70221545187626,1004.0676455118568,1104.0676455118569,0,0.5,1004.0676455118568,Control
15,11,885.3654300599806,198,-167.19667368776882,718.1687563722118,818.1687563722118,0,0.5,718.1687563722118,Control
15,11,885.3654300599806,199,70.56135091733553,955.9267809773161,1055.9267809773162,0,0.5,955.9267809773161,Control
15,11,885.3654300599806,200,51.04798092146714,936.4134109814477,1036.4134109814477,0,0.5,936.4134109814477,Control
15,11,885.3654300599806,201,9.458385722509005,894.8238157824895,994.8238157824895,0,0.5,894.8238157824895,Control
15,11,885.3654300599806,202,334.949508884482,1220.3149389444625,1320.3149389444625,0,0.5,1220.3149389444625,Control
15,11,885.3654300599806,203,15.612944854142155,900.9783749141227,1000.9783749141227,0,0.5,900.9783749141227,Control
15,11,885.3654300599806,204,-39.55341628743588,845.8120137725447,945.8120137725447,0,0.5,845.8120137725447,Control
16,16,937.4478059420721,205,128.3230848601631,1065.7708908022353,1165.7708908022353,0,0.5,1065.7708908022353,Control
16,16,937.4478059420721,206,76.15365483095303,1013.6014607730251,1113.601460773025,0,0.5,1013.6014607730251,Control
16,16,937.4478059420721,207,32.7171259554695,970.1649318975417,1070.1649318975417,0,0.5,970.1649318975417,Control
16,16,937.4478059420721,208,85.45450467523219,1022.9023106173044,1122.9023106173042,0,0.5,1022.9023106173044,Control
16,16,937.4478059420721,209,30.509966228357445,967.9577721704296,1067.9577721704295,0,0.5,967.9577721704296,Control
16,16,937.4478059420721,210,82.287626337661,1019.7354322797331,1119.7354322797332,0,0.5,1019.7354322797331,Control
16,16,937.4478059420721,211,346.30267024662464,1283.7504761886967,1383.7504761886967,0,0.5,1283.7504761886967,Control
16,16,937.4478059420721,212,-150.03670582116862,787.4111001209035,887.4111001209035,0,0.5,787.4111001209035,Control
16,16,937.4478059420721,213,181.68138342744984,1119.129189369522,1219.129189369522,0,0.5,1119.129189369522,Control
16,16,937.4478059420721,214,96.53732936933103,1033.9851353114032,1133.9851353114032,0,0.5,1033.9851353114032,Control
16,16,937.4478059420721,215,-60.83177116676693,876.6160347753053,976.6160347753053,0,0.5,876.6160347753053,Control
16,16,937.4478059420721,216,142.2283839191537,1079.6761898612258,1179.6761898612258,0,0.5,1079.6761898612258,Control
16,16,937.4478059420721,217,-99.89706775654095,837.5507381855311,937.5507381855311,0,0.5,837.5507381855311,Control
16,16,937.4478059420721,218,-192.65976370623196,744.7880422358402,844.7880422358402,0,0.5,744.7880422358402,Control
16,16,937.4478059420721,219,134.72791279401164,1072.1757187360838,1172.1757187360838,0,0.5,1072.1757187360838,Control
16,16,937.4478059420721,220,-127.55961205642738,809.8881938856448,909.8881938856448,0,0.5,809.8881938856448,Control
17,13,975.5942851983583,221,223.1485045334687,1198.742789731827,1298.7427897318269,1,0.5,1298.7427897318269,Treatment
17,13,975.5942851983583,222,-174.9222807181522,800.6720044802062,900.6720044802059,1,0.5,900.6720044802059,Treatment
17,13,975.5942851983583,223,160.02894855371682,1135.623233752075,1235.623233752075,1,0.5,1235.623233752075,Treatment
17,13,975.5942851983583,224,187.57775998310106,1163.1720451814595,1263.1720451814592,1,0.5,1263.1720451814592,Treatment
17,13,975.5942851983583,225,-153.8899787477712,821.7043064505871,921.704306450587,1,0.5,921.704306450587,Treatment
17,13,975.5942851983583,226,0.3697951175838784,975.9640803159422,1075.964080315942,1,0.5,1075.964080315942,Treatment
17,13,975.5942851983583,227,309.6357741168177,1285.230059315176,1385.2300593151758,1,0.5,1385.2300593151758,Treatment
17,13,975.5942851983583,228,337.4959153385674,1313.0902005369257,1413.0902005369255,1,0.5,1413.0902005369255,Treatment
17,13,975.5942851983583,229,147.1617612180868,1122.756046416445,1222.756046416445,1,0.5,1222.756046416445,Treatment
17,13,975.5942851983583,230,69.75236452463123,1045.3466497229895,1145.3466497229895,1,0.5,1145.3466497229895,Treatment
17,13,975.5942851983583,231,112.22119507505946,1087.8154802734177,1187.8154802734177,1,0.5,1187.8154802734177,Treatment
17,13,975.5942851983583,232,121.45255501876224,1097.0468402171205,1197.0468402171205,1,0.5,1197.0468402171205,Treatment
17,13,975.5942851983583,233,-71.68795953646467,903.9063256618937,1003.9063256618936,1,0.5,1003.9063256618936,Treatment
18,12,945.6095273924012,234,9.152622130025973,954.7621495224272,1054.762149522427,1,0.5,1054.762149522427,Treatment
18,12,945.6095273924012,235,35.091213776483606,980.7007411688849,1080.7007411688846,1,0.5,1080.7007411688846,Treatment
18,12,945.6095273924012,236,47.930635778545366,993.5401631709466,1093.5401631709465,1,0.5,1093.5401631709465,Treatment
18,12,945.6095273924012,237,75.22896893024054,1020.8384963226417,1120.8384963226417,1,0.5,1120.8384963226417,Treatment
18,12,945.6095273924012,238,-3.4597125097588775,942.1498148826423,1042.1498148826422,1,0.5,1042.1498148826422,Treatment
18,12,945.6095273924012,239,21.59190561482301,967.2014330072242,1067.201433007224,1,0.5,1067.201433007224,Treatment
18,12,945.6095273924012,240,-523.957467280684,421.6520601117172,521.6520601117171,1,0.5,521.6520601117171,Treatment
18,12,945.6095273924012,241,-97.98628411506915,847.6232432773321,947.623243277332,1,0.5,947.623243277332,Treatment
18,12,945.6095273924012,242,286.02859861654446,1231.6381260089456,1331.6381260089456,1,0.5,1331.6381260089456,Treatment
18,12,945.6095273924012,243,113.84606868505752,1059.4555960774587,1159.4555960774587,1,0.5,1159.4555960774587,Treatment
18,12,945.6095273924012,244,200.32172937395754,1145.9312567663587,1245.9312567663587,1,0.5,1245.9312567663587,Treatment
18,12,945.6095273924012,245,31.122286163990523,976.7318135563918,1076.7318135563917,1,0.5,1076.7318135563917,Treatment
19,16,895.2623840575441,246,-140.26961380580113,754.992770251743,854.992770251743,0,0.5,754.992770251743,Control
19,16,895.2623840575441,247,-69.45571448244624,825.8066695750979,925.8066695750979,0,0.5,825.8066695750979,Control
19,16,895.2623840575441,248,-84.86671259742315,810.3956714601209,910.3956714601209,0,0.5,810.3956714601209,Control
19,16,895.2623840575441,249,115.80204855396795,1011.0644326115121,1111.064432611512,0,0.5,1011.0644326115121,Control
19,16,895.2623840575441,250,23.42334566418044,918.6857297217246,1018.6857297217246,0,0.5,918.6857297217246,Control
19,16,895.2623840575441,251,141.58513824850397,1036.847522306048,1136.847522306048,0,0.5,1036.847522306048,Control
19,16,895.2623840575441,252,-116.51018422896146,778.7521998285827,878.7521998285827,0,0.5,778.7521998285827,Control
19,16,895.2623840575441,253,76.5874444354442,971.8498284929883,1071.8498284929883,0,0.5,971.8498284929883,Control
19,16,895.2623840575441,254,-33.478429519248294,861.7839545382958,961.7839545382958,0,0.5,861.7839545382958,Control
19,16,895.2623840575441,255,172.45913545351493,1067.721519511059,1167.721519511059,0,0.5,1067.721519511059,Control
19,16,895.2623840575441,256,56.99715230468758,952.2595363622316,1052.2595363622318,0,0.5,952.2595363622316,Control
19,16,895.2623840575441,257,307.5725813010996,1202.8349653586438,1302.8349653586438,0,0.5,1202.8349653586438,Control
19,16,895.2623840575441,258,-26.436492334461178,868.8258917230829,968.8258917230829,0,0.5,868.8258917230829,Control
19,16,895.2623840575441,259,125.99995026146674,1021.2623343190108,1121.2623343190107,0,0.5,1021.2623343190108,Control
19,16,895.2623840575441,260,-203.02751777567863,692.2348662818654,792.2348662818654,0,0.5,692.2348662818654,Control
19,16,895.2623840575441,261,12.830658430465505,908.0930424880096,1008.0930424880096,0,0.5,908.0930424880096,Control
20,15,1104.9793031815718,262,-254.0730151734373,850.9062880081345,950.9062880081345,0,0.5,850.9062880081345,Control
20,15,1104.9793031815718,263,209.6637554668683,1314.64305864844,1414.64305864844,0,0.5,1314.64305864844,Control
20,15,1104.9793031815718,264,-131.16047922878386,973.818823952788,1073.818823952788,0,0.5,973.818823952788,Control
20,15,1104.9793031815718,265,-110.85227697024736,994.1270262113245,1094.1270262113244,0,0.5,994.1270262113245,Control
20,15,1104.9793031815718,266,144.23851262796393,1249.2178158095358,1349.2178158095358,0,0.5,1249.2178158095358,Control
20,15,1104.9793031815718,267,-525.3151703501003,579.6641328314715,679.6641328314715,0,0.5,579.6641328314715,Control
20,15,1104.9793031815718,268,90.77091255377105,1195.7502157353429,1295.7502157353429,0,0.5,1195.7502157353429,Control
20,15,1104.9793031815718,269,-271.1958639803748,833.7834392011971,933.7834392011971,0,0.5,833.7834392011971,Control
20,15,1104.9793031815718,270,17.131034897115796,1122.1103380786876,1222.1103380786876,0,0.5,1122.1103380786876,Control
20,15,1104.9793031815718,271,162.96515702023066,1267.9444602018025,1367.9444602018025,0,0.5,1267.9444602018025,Control
20,15,1104.9793031815718,272,93.05018409361675,1198.0294872751886,1298.0294872751886,0,0.5,1198.0294872751886,Control
20,15,1104.9793031815718,273,-14.045305464025278,1090.9339977175466,1190.9339977175466,0,0.5,1090.9339977175466,Control
20,15,1104.9793031815718,274,-61.06765924422178,1043.91164393735,1143.91164393735,0,0.5,1043.91164393735,Control
20,15,1104.9793031815718,275,250.28256830969875,1355.2618714912705,1455.2618714912705,0,0.5,1355.2618714912705,Control
20,15,1104.9793031815718,276,-118.94267019861066,986.0366329829611,1086.0366329829612,0,0.5,986.0366329829611,Control
21,18,1085.4706248445186,277,-57.883702914866404,1027.5869219296521,1127.5869219296521,1,0.5,1127.5869219296521,Treatment
21,18,1085.4706248445186,278,131.99598070604387,1217.4666055505625,1317.4666055505625,1,0.5,1317.4666055505625,Treatment
21,18,1085.4706248445186,279,-302.60239924278096,782.8682256017377,882.8682256017377,1,0.5,882.8682256017377,Treatment
21,18,1085.4706248445186,280,-234.53088313186956,850.939741712649,950.939741712649,1,0.5,950.939741712649,Treatment
21,18,1085.4706248445186,281,-19.22940533779936,1066.2412195067193,1166.2412195067193,1,0.5,1166.2412195067193,Treatment
21,18,1085.4706248445186,282,-95.04146877484109,990.4291560696776,1090.4291560696774,1,0.5,1090.4291560696774,Treatment
21,18,1085.4706248445186,283,-47.19103863836608,1038.2795862061525,1138.2795862061525,1,0.5,1138.2795862061525,Treatment
21,18,1085.4706248445186,284,-202.22481295574772,883.245811888771,983.245811888771,1,0.5,983.245811888771,Treatment
21,18,1085.4706248445186,285,1.3545996138331884,1086.8252244583518,1186.8252244583518,1,0.5,1186.8252244583518,Treatment
21,18,1085.4706248445186,286,-274.3462473232448,811.1243775212738,911.1243775212738,1,0.5,911.1243775212738,Treatment
21,18,1085.4706248445186,287,-211.61753158910975,873.8530932554089,973.8530932554089,1,0.5,973.8530932554089,Treatment
21,18,1085.4706248445186,288,-79.78160955934713,1005.6890152851715,1105.6890152851715,1,0.5,1105.6890152851715,Treatment
21,18,1085.4706248445186,289,69.90123853833984,1155.3718633828585,1255.3718633828585,1,0.5,1255.3718633828585,Treatment
21,18,1085.4706248445186,290,329.3881172452289,1414.8587420897475,1514.8587420897475,1,0.5,1514.8587420897475,Treatment
21,18,1085.4706248445186,291,192.58824204533263,1278.0588668898513,1378.0588668898513,1,0.5,1378.0588668898513,Treatment
21,18,1085.4706248445186,292,109.1614224031568,1194.6320472476755,1294.6320472476755,1,0.5,1294.6320472476755,Treatment
21,18,1085.4706248445186,293,370.35785868783347,1455.828483532352,1555.828483532352,1,0.5,1555.828483532352,Treatment
21,18,1085.4706248445186,294,102.94514778078094,1188.4157726252995,1288.4157726252995,1,0.5,1288.4157726252995,Treatment
22,19,1120.5388935624167,295,-150.76060724192808,969.7782863204886,1069.7782863204886,0,0.5,969.7782863204886,Control
22,19,1120.5388935624167,296,-4.839208581665871,1115.6996849807508,1215.6996849807508,0,0.5,1115.6996849807508,Control
22,19,1120.5388935624167,297,37.93319088069731,1158.472084443114,1258.472084443114,0,0.5,1158.472084443114,Control
22,19,1120.5388935624167,298,37.56310286906686,1158.1019964314835,1258.1019964314835,0,0.5,1158.1019964314835,Control
22,19,1120.5388935624167,299,-23.529262408576788,1097.0096311538398,1197.0096311538398,0,0.5,1097.0096311538398,Control
22,19,1120.5388935624167,300,-36.4164384862739,1084.1224550761428,1184.1224550761428,0,0.5,1084.1224550761428,Control
22,19,1120.5388935624167,301,-157.0915703963703,963.4473231660463,1063.4473231660463,0,0.5,963.4473231660463,Control
22,19,1120.5388935624167,302,67.77032636534598,1188.3092199277626,1288.3092199277626,0,0.5,1188.3092199277626,Control
22,19,1120.5388935624167,303,-113.38556008783513,1007.1533334745816,1107.1533334745816,0,0.5,1007.1533334745816,Control
22,19,1120.5388935624167,304,86.56443719075179,1207.1033307531684,1307.1033307531684,0,0.5,1207.1033307531684,Control
22,19,1120.5388935624167,305,126.12885944646195,1246.6677530088787,1346.6677530088787,0,0.5,1246.6677530088787,Control
22,19,1120.5388935624167,306,105.40342866733262,1225.9423222297494,1325.9423222297494,0,0.5,1225.9423222297494,Control
22,19,1120.5388935624167,307,282.3468162779943,1402.885709840411,1502.885709840411,0,0.5,1402.885709840411,Control
22,19,1120.5388935624167,308,79.0065640515344,1199.5454576139512,1299.5454576139512,0,0.5,1199.5454576139512,Control
22,19,1120.5388935624167,309,-24.893540367320323,1095.6453531950963,1195.6453531950963,0,0.5,1095.6453531950963,Control
22,19,1120.5388935624167,310,-132.27012994118894,988.2687636212277,1088.2687636212277,0,0.5,988.2687636212277,Control
22,19,1120.5388935624167,311,-22.76644812985423,1097.7724454325623,1197.7724454325623,0,0.5,1097.7724454325623,Control
22,19,1120.5388935624167,312,-209.33454185017385,911.2043517122428,1011.2043517122428,0,0.5,911.2043517122428,Control
22,19,1120.5388935624167,313,-161.13076373462374,959.4081298277929,1059.408129827793,0,0.5,959.4081298277929,Control
23,16,1155.6965104657174,314,54.42826010327829,1210.1247705689957,1310.1247705689957,1,0.5,1310.1247705689957,Treatment
23,16,1155.6965104657174,315,-42.43470362862275,1113.2618068370946,1213.2618068370946,1,0.5,1213.2618068370946,Treatment
23,16,1155.6965104657174,316,-151.3872716027517,1004.3092388629657,1104.3092388629657,1,0.5,1104.3092388629657,Treatment
23,16,1155.6965104657174,317,-135.87195376333142,1019.824556702386,1119.824556702386,1,0.5,1119.824556702386,Treatment
23,16,1155.6965104657174,318,73.09382840534298,1228.7903388710604,1328.7903388710604,1,0.5,1328.7903388710604,Treatment
23,16,1155.6965104657174,319,4.969830874858978,1160.6663413405763,1260.6663413405763,1,0.5,1260.6663413405763,Treatment
23,16,1155.6965104657174,320,268.9086215014871,1424.6051319672047,1524.6051319672047,1,0.5,1524.6051319672047,Treatment
23,16,1155.6965104657174,321,65.51059919984512,1221.2071096655625,1321.2071096655625,1,0.5,1321.2071096655625,Treatment
23,16,1155.6965104657174,322,-103.99159237333348,1051.7049180923839,1151.7049180923839,1,0.5,1151.7049180923839,Treatment
23,16,1155.6965104657174,323,278.24011787433307,1433.9366283400504,1533.9366283400504,1,0.5,1533.9366283400504,Treatment
23,16,1155.6965104657174,324,59.898709643663295,1215.5952201093808,1315.5952201093808,1,0.5,1315.5952201093808,Treatment
23,16,1155.6965104657174,325,-53.005853484613255,1102.6906569811042,1202.6906569811042,1,0.5,1202.6906569811042,Treatment
23,16,1155.6965104657174,326,349.73201985370895,1505.4285303194265,1605.4285303194265,1,0.5,1605.4285303194265,Treatment
23,16,1155.6965104657174,327,-4.850825407958561,1150.8456850577588,1250.8456850577588,1,0.5,1250.8456850577588,Treatment
23,16,1155.6965104657174,328,353.16662285559073,1508.8631333213082,1608.8631333213082,1,0.5,1608.8631333213082,Treatment
23,16,1155.6965104657174,329,-89.30445853831858,1066.3920519273988,1166.3920519273988,1,0.5,1166.3920519273988,Treatment
24,10,1062.7467864415441,330,101.28712963017944,1164.0339160717235,1264.0339160717235,0,0.5,1164.0339160717235,Control
24,10,1062.7467864415441,331,137.97155273804856,1200.7183391795927,1300.7183391795927,0,0.5,1200.7183391795927,Control
24,10,1062.7467864415441,332,148.52099743715053,1211.2677838786947,1311.2677838786947,0,0.5,1211.2677838786947,Control
24,10,1062.7467864415441,333,-29.67989930065971,1033.0668871408845,1133.0668871408845,0,0.5,1033.0668871408845,Control
24,10,1062.7467864415441,334,152.2669093067875,1215.0136957483317,1315.0136957483317,0,0.5,1215.0136957483317,Control
24,10,1062.7467864415441,335,136.12233610424747,1198.8691225457917,1298.8691225457917,0,0.5,1198.8691225457917,Control
24,10,1062.7467864415441,336,-81.27761498961591,981.4691714519282,1081.4691714519283,0,0.5,981.4691714519282,Control
24,10,1062.7467864415441,337,45.6416949639549,1108.388481405499,1208.388481405499,0,0.5,1108.388481405499,Control
24,10,1062.7467864415441,338,-52.57472418501624,1010.1720622565279,1110.1720622565279,0,0.5,1010.1720622565279,Control
24,10,1062.7467864415441,339,64.88488029243605,1127.6316667339802,1227.6316667339802,0,0.5,1127.6316667339802,Control
25,12,983.935271507855,340,-74.09720832721865,909.8380631806363,1009.8380631806363,0,0.5,909.8380631806363,Control
25,12,983.935271507855,341,54.70439550412754,1038.6396670119825,1138.6396670119823,0,0.5,1038.6396670119825,Control
25,12,983.935271507855,342,-242.57598824796008,741.3592832598949,841.3592832598947,0,0.5,741.3592832598949,Control
25,12,983.935271507855,343,-44.942276201925225,938.9929953059298,1038.9929953059295,0,0.5,938.9929953059298,Control
25,12,983.935271507855,344,109.75722984654834,1093.6925013544032,1193.6925013544032,0,0.5,1093.6925013544032,Control
25,12,983.935271507855,345,34.185521112940656,1018.1207926207957,1118.1207926207956,0,0.5,1018.1207926207957,Control
25,12,983.935271507855,346,23.58823602029249,1007.5235075281474,1107.5235075281473,0,0.5,1007.5235075281474,Control
25,12,983.935271507855,347,-601.7257031444207,382.2095683634343,482.2095683634342,0,0.5,382.2095683634343,Control
25,12,983.935271507855,348,265.4263157889441,1249.3615872967991,1349.361587296799,0,0.5,1249.3615872967991,Control
25,12,983.935271507855,349,-44.804648571462316,939.1306229363927,1039.1306229363925,0,0.5,939.1306229363927,Control
25,12,983.935271507855,350,-70.5063456251303,913.4289258827247,1013.4289258827246,0,0.5,913.4289258827247,Control
25,12,983.935271507855,351,455.5324230340877,1439.4676945419426,1539.4676945419426,0,0.5,1439.4676945419426,Control
26,18,1020.5377650817934,352,-73.21513067485022,947.3226344069432,1047.3226344069433,1,0.5,1047.3226344069433,Treatment
26,18,1020.5377650817934,353,-153.56445815326413,866.9733069285293,966.9733069285293,1,0.5,966.9733069285293,Treatment
26,18,1020.5377650817934,354,193.52773217395415,1214.0654972557475,1314.0654972557475,1,0.5,1314.0654972557475,Treatment
26,18,1020.5377650817934,355,147.02985122765938,1167.5676163094527,1267.5676163094527,1,0.5,1267.5676163094527,Treatment
26,18,1020.5377650817934,356,-375.69244676839526,644.8453183133981,744.8453183133981,1,0.5,744.8453183133981,Treatment
26,18,1020.5377650817934,357,217.84159546105977,1238.3793605428532,1338.3793605428532,1,0.5,1338.3793605428532,Treatment
26,18,1020.5377650817934,358,20.424077476743392,1040.9618425585368,1140.9618425585368,1,0.5,1140.9618425585368,Treatment
26,18,1020.5377650817934,359,4.199790572965312,1024.7375556547588,1124.7375556547588,1,0.5,1124.7375556547588,Treatment
26,18,1020.5377650817934,360,408.48105173540444,1429.0188168171978,1529.0188168171978,1,0.5,1529.0188168171978,Treatment
26,18,1020.5377650817934,361,11.8922568397373,1032.4300219215306,1132.4300219215306,1,0.5,1132.4300219215306,Treatment
26,18,1020.5377650817934,362,22.311100095181203,1042.8488651769746,1142.8488651769746,1,0.5,1142.8488651769746,Treatment
26,18,1020.5377650817934,363,-358.0062395750159,662.5315255067775,762.5315255067775,1,0.5,762.5315255067775,Treatment
26,18,1020.5377650817934,364,-198.75237653028313,821.7853885515103,921.7853885515103,1,0.5,921.7853885515103,Treatment
26,18,1020.5377650817934,365,25.2094560350029,1045.7472211167963,1145.7472211167963,1,0.5,1145.7472211167963,Treatment
26,18,1020.5377650817934,366,-8.07686279376354,1012.4609022880298,1112.46090228803,1,0.5,1112.46090228803,Treatment
26,18,1020.5377650817934,367,17.865038095867096,1038.4028031776604,1138.4028031776604,1,0.5,1138.4028031776604,Treatment
26,18,1020.5377650817934,368,-129.9319162426505,890.6058488391429,990.6058488391429,1,0.5,990.6058488391429,Treatment
26,18,1020.5377650817934,369,-19.679400329671168,1000.8583647521223,1100.8583647521223,1,0.5,1100.8583647521223,Treatment
27,17,938.2292327154006,370,75.59650920432438,1013.825741919725,1113.8257419197248,0,0.5,1013.825741919725,Control
27,17,938.2292327154006,371,-74.2690042405487,863.9602284748519,963.9602284748518,0,0.5,863.9602284748519,Control
27,17,938.2292327154006,372,254.32143524399328,1192.5506679593939,1292.5506679593936,0,0.5,1192.5506679593939,Control
27,17,938.2292327154006,373,-15.174819957224715,923.0544127581759,1023.0544127581758,0,0.5,923.0544127581759,Control
27,17,938.2292327154006,374,-123.29684679661675,814.9323859187839,914.9323859187838,0,0.5,814.9323859187839,Control
27,17,938.2292327154006,375,367.40373311161244,1305.632965827013,1405.6329658270129,0,0.5,1305.632965827013,Control
27,17,938.2292327154006,376,-63.42852741379833,874.8007053016023,974.8007053016022,0,0.5,874.8007053016023,Control
27,17,938.2292327154006,377,-6.422026176345556,931.8072065390551,1031.807206539055,0,0.5,931.8072065390551,Control
27,17,938.2292327154006,378,-79.15043510334544,859.0787976120552,959.078797612055,0,0.5,859.0787976120552,Control
27,17,938.2292327154006,379,-106.04846533029668,832.1807673851039,932.1807673851038,0,0.5,832.1807673851039,Control
27,17,938.2292327154006,380,92.57171050143712,1030.8009432168378,1130.8009432168376,0,0.5,1030.8009432168378,Control
27,17,938.2292327154006,381,-141.7766128567877,796.4526198586129,896.4526198586128,0,0.5,796.4526198586129,Control
27,17,938.2292327154006,382,-143.1119639511334,795.1172687642672,895.1172687642671,0,0.5,795.1172687642672,Control
27,17,938.2292327154006,383,104.15713341014914,1042.3863661255498,1142.3863661255496,0,0.5,1042.3863661255498,Control
27,17,938.2292327154006,384,233.0559918847765,1171.2852246001771,1271.285224600177,0,0.5,1171.2852246001771,Control
27,17,938.2292327154006,385,64.92082958664459,1003.1500623020452,1103.1500623020452,0,0.5,1003.1500623020452,Control
27,17,938.2292327154006,386,-93.79206911991191,844.4371635954886,944.4371635954885,0,0.5,844.4371635954886,Control
28,18,1041.907177761685,387,-303.1187830889395,738.7883946727455,838.7883946727455,1,0.5,838.7883946727455,Treatment
28,18,1041.907177761685,388,-9.308684887385114,1032.5984928742998,1132.5984928742998,1,0.5,1132.5984928742998,Treatment
28,18,1041.907177761685,389,-213.98475848153072,827.9224192801544,927.9224192801544,1,0.5,927.9224192801544,Treatment
28,18,1041.907177761685,390,40.77310922027774,1082.6802869819628,1182.6802869819628,1,0.5,1182.6802869819628,Treatment
28,18,1041.907177761685,391,-92.63225978580415,949.2749179758808,1049.274917975881,1,0.5,1049.274917975881,Treatment
28,18,1041.907177761685,392,-17.160466337250035,1024.746711424435,1124.746711424435,1,0.5,1124.746711424435,Treatment
28,18,1041.907177761685,393,-244.0584543835306,797.8487233781544,897.8487233781544,1,0.5,897.8487233781544,Treatment
28,18,1041.907177761685,394,277.3862395645008,1319.2934173261858,1419.2934173261858,1,0.5,1419.2934173261858,Treatment
28,18,1041.907177761685,395,362.32976958741904,1404.236947349104,1504.236947349104,1,0.5,1504.236947349104,Treatment
28,18,1041.907177761685,396,104.62986705496265,1146.5370448166477,1246.5370448166477,1,0.5,1246.5370448166477,Treatment
28,18,1041.907177761685,397,458.25722890677724,1500.1644066684623,1600.1644066684623,1,0.5,1600.1644066684623,Treatment
28,18,1041.907177761685,398,21.887360897476967,1063.794538659162,1163.794538659162,1,0.5,1163.794538659162,Treatment
28,18,1041.907177761685,399,-170.4681463499183,871.4390314117668,971.4390314117668,1,0.5,971.4390314117668,Treatment
28,18,1041.907177761685,400,244.08119057945245,1285.9883683411374,1385.9883683411374,1,0.5,1385.9883683411374,Treatment
28,18,1041.907177761685,401,-151.3684919912225,890.5386857704625,990.5386857704625,1,0.5,990.5386857704625,Treatment
28,18,1041.907177761685,402,-295.33423541707674,746.5729423446082,846.5729423446082,1,0.5,846.5729423446082,Treatment
28,18,1041.907177761685,403,-183.1990144098621,858.7081633518229,958.7081633518229,1,0.5,958.7081633518229,Treatment
28,18,1041.907177761685,404,-82.93917369024929,958.9680040714358,1058.9680040714356,1,0.5,1058.9680040714356,Treatment
29,18,869.3961039878487,405,112.15678744144451,981.5528914292933,1081.5528914292931,1,0.5,1081.5528914292931,Treatment
29,18,869.3961039878487,406,-209.04813807106981,660.3479659167789,760.3479659167789,1,0.5,760.3479659167789,Treatment
29,18,869.3961039878487,407,-278.39091709210317,591.0051868957455,691.0051868957455,1,0.5,691.0051868957455,Treatment
29,18,869.3961039878487,408,18.962353017660405,888.3584570055091,988.3584570055091,1,0.5,988.3584570055091,Treatment
29,18,869.3961039878487,409,-97.46811725407184,771.9279867337768,871.9279867337768,1,0.5,871.9279867337768,Treatment
29,18,869.3961039878487,410,112.2224178553492,981.618521843198,1081.6185218431979,1,0.5,1081.6185218431979,Treatment
29,18,869.3961039878487,411,9.04243853943702,878.4385425272858,978.4385425272858,1,0.5,978.4385425272858,Treatment
29,18,869.3961039878487,412,-47.437034925812526,821.9590690620362,921.9590690620362,1,0.5,921.9590690620362,Treatment
29,18,869.3961039878487,413,45.69090458679321,915.0870085746419,1015.0870085746419,1,0.5,1015.0870085746419,Treatment
29,18,869.3961039878487,414,-121.34638263589179,748.0497213519569,848.0497213519569,1,0.5,848.0497213519569,Treatment
29,18,869.3961039878487,415,8.664061792691522,878.0601657805403,978.0601657805403,1,0.5,978.0601657805403,Treatment
29,18,869.3961039878487,416,-163.18846382839484,706.2076401594538,806.2076401594538,1,0.5,806.2076401594538,Treatment
29,18,869.3961039878487,417,380.3947292357562,1249.790833223605,1349.790833223605,1,0.5,1349.790833223605,Treatment
29,18,869.3961039878487,418,183.9811462755664,1053.3772502634151,1153.3772502634151,1,0.5,1153.3772502634151,Treatment
29,18,869.3961039878487,419,44.785988952364384,914.1820929402131,1014.1820929402131,1,0.5,1014.1820929402131,Treatment
29,18,869.3961039878487,420,-306.2948749427497,563.101229045099,663.101229045099,1,0.5,663.101229045099,Treatment
29,18,869.3961039878487,421,-109.9300814227317,759.466022565117,859.466022565117,1,0.5,859.466022565117,Treatment
29,18,869.3961039878487,422,5.756119321421064,875.1522233092697,975.1522233092697,1,0.5,975.1522233092697,Treatment
30,19,1000.5985451847198,423,-66.67725691026855,933.9212882744513,1033.9212882744512,1,0.5,1033.9212882744512,Treatment
30,19,1000.5985451847198,424,-29.595866907437507,971.0026782772823,1071.0026782772823,1,0.5,1071.0026782772823,Treatment
30,19,1000.5985451847198,425,22.67283240348499,1023.2713775882048,1123.2713775882048,1,0.5,1123.2713775882048,Treatment
30,19,1000.5985451847198,426,197.94725217126958,1198.5457973559894,1298.5457973559894,1,0.5,1298.5457973559894,Treatment
30,19,1000.5985451847198,427,227.99588378668136,1228.5944289714012,1328.5944289714012,1,0.5,1328.5944289714012,Treatment
30,19,1000.5985451847198,428,68.29121859638167,1068.8897637811015,1168.8897637811015,1,0.5,1168.8897637811015,Treatment
30,19,1000.5985451847198,429,-30.16948394917225,970.4290612355476,1070.4290612355476,1,0.5,1070.4290612355476,Treatment
30,19,1000.5985451847198,430,293.9366590792279,1294.5352042639477,1394.5352042639477,1,0.5,1394.5352042639477,Treatment
30,19,1000.5985451847198,431,109.69227406156908,1110.290819246289,1210.290819246289,1,0.5,1210.290819246289,Treatment
30,19,1000.5985451847198,432,-274.1150969606239,726.4834482240959,826.4834482240959,1,0.5,826.4834482240959,Treatment
30,19,1000.5985451847198,433,-67.2261146577049,933.3724305270149,1033.3724305270148,1,0.5,1033.3724305270148,Treatment
30,19,1000.5985451847198,434,190.94539343595858,1191.5439386206783,1291.5439386206783,1,0.5,1291.5439386206783,Treatment
30,19,1000.5985451847198,435,99.08922110065974,1099.6877662853794,1199.6877662853794,1,0.5,1199.6877662853794,Treatment
30,19,1000.5985451847198,436,17.30820166595915,1017.9067468506789,1117.906746850679,1,0.5,1117.906746850679,Treatment
30,19,1000.5985451847198,437,92.50344511096245,1093.1019902956823,1193.1019902956823,1,0.5,1193.1019902956823,Treatment
30,19,1000.5985451847198,438,-236.2769979210344,764.3215472636854,864.3215472636854,1,0.5,864.3215472636854,Treatment
30,19,1000.5985451847198,439,-325.04828713039393,675.5502580543259,775.5502580543259,1,0.5,775.5502580543259,Treatment
30,19,1000.5985451847198,440,182.06898056918163,1182.6675257539014,1282.6675257539014,1,0.5,1282.6675257539014,Treatment
30,19,1000.5985451847198,441,186.9128965566018,1187.5114417413215,1287.5114417413215,1,0.5,1287.5114417413215,Treatment
